﻿pos_x,pos_y,rotation,side,designator,mpn,pack,value,mount_type,place
111.2,-50.075,180.0,top,BT1,,JST_PH_S2B-PH-SM4-TB_1x02-1MP_P2.00mm_Horizontal,JST-PH-1x02-2.000mm,smt,True
124.3584,-56.3118,90.0,top,C1,,C_0201_0603Metric,0.1uF,smt,True
110.757498,-63.875002,0.0,top,C10,,C_0201_0603Metric,1uF,smt,True
106.952498,-58.450002,180.0,top,C11,,C_0201_0603Metric,0.47uF,smt,True
110.752498,-61.325002,0.0,top,C12,,C_0201_0603Metric,0.47uF,smt,True
101.0,-51.475,90.0,top,C13,,C_0201_0603Metric,0.1uF,smt,True
129.65,-55.9,180.0,top,C14,,C_0201_0603Metric,0.1uF,smt,True
124.025,-59.2,-90.0,top,C2,,C_0201_0603Metric,0.47uF,smt,True
116.275,-66.875,-90.0,top,C3,,C_0201_0603Metric,1uF,smt,True
111.125,-67.45,90.0,top,C4,,C_0201_0603Metric,1uF,smt,True
116.027498,-63.200002,-90.0,top,C7,,C_0201_0603Metric,0.1uF,smt,True
116.525,-61.150002,-90.0,top,C8,,C_0201_0603Metric,10uF,smt,True
154.225,-49.3,0.0,top,C9,,C_0201_0603Metric,1uF,smt,True
108.684998,-58.450002,180.0,top,CHARGLED1,,LED_0201_0603Metric,LED,smt,True
108.402498,-64.750002,180.0,top,D1,,D_SOD-323,3A/10V/288mJ,smt,True
121.6086,-58.725001,0.0,top,FG1,,21-100013A_T102A2&plus_1C_MXM,MAX17055ETB+T,smt,True
103.65,-47.95,0.0,top,FSR1,,JST_SH_BM02B-SRSS-TB_1x02-1MP_P1.00mm_Vertical,JST-SH-1.00mm 1x2,smt,True
91.7796,-50.85,0.0,top,H1,,MountingHole_3.2mm_M3_DIN965,MountingHole,tht,False
91.5256,-70.342,0.0,top,H2,,MountingHole_3.2mm_M3_DIN965,MountingHole,tht,False
123.3534,-63.325001,0.0,top,IMU1,,QFN24_3X3X0P9_IVS,ICM-20948,smt,True
91.825,-60.3482,-90.0,top,J1,,USB_C_Receptacle_GCT_USB4105-xx-A_16P_TopMnt_Horizontal,USB_C_Receptacle_USB2.0,smt,True
117.675,-46.9875,90.0,top,J2,,PinHeader_1x16_P2.54mm_Vertical,Conn_01x16,tht,True
117.675,-73.6625,90.0,top,J3,,PinHeader_1x16_P2.54mm_Vertical,Conn_01x15,tht,True
147.89,-60.325,-90.0,top,MCU1,,ESP32-S3-WROOM-2,ESP32-S3-WROOM-2,smt,True
97.8,-52.875,0.0,top,PWLED1,,LED_SK6812MINI_PLCC4_3.5x3.5mm_P1.75mm,SK6812MINI,smt,True
100.3706,-67.1068,0.0,top,Q1,,SOT-363_SC-70-6,MBT3904DW1,smt,True
108.277498,-61.337502,90.0,top,Q2,,SOT-23-3,20V/4.2A/52mOhm/1.4W,smt,True
129.4875,-64.0,0.0,top,Q3,,SOT-23,BSS138,smt,True
98.65,-72.225,0.0,top,QWIIC1,,JST_SH_SM04B-SRSS-TB_1x04-1MP_P1.00mm_Horizontal,JST-SH-1x04 1.0mm,smt,True
104.455,-50.95,0.0,top,R1,,R_0201_0603Metric,1k,smt,True
98.1964,-67.4264,90.0,top,R12,,R_0201_0603Metric,10k,smt,True
106.3498,-66.0654,0.0,top,R13,,R_0201_0603Metric,10k,smt,True
110.802498,-64.750002,180.0,top,R14,,R_0201_0603Metric,10k,smt,True
116.3,-57.95,180.0,top,R15,,R_0201_0603Metric,2k,smt,True
126.175,-57.975,90.0,top,R16,,R_0201_0603Metric,2k2,smt,True
126.175,-59.405,-90.0,top,R17,,R_0201_0603Metric,2k2,smt,True
131.075,-55.875,0.0,top,R18,,R_0201_0603Metric,200k,smt,True
131.075,-55.175,0.0,top,R19,,R_0201_0603Metric,2k2,smt,True
121.1922,-55.183,-90.0,top,R2,,R_Shunt_Ohmite_LVK12,Ohmite_LVK12 10m,smt,True
131.07,-54.475,0.0,top,R20,,R_0201_0603Metric,2k2,smt,True
127.2,-64.6,90.0,top,R21,,R_0201_0603Metric,10k,smt,True
132.06,-63.115,90.0,top,R23,,R_0201_0603Metric,10k,smt,True
110.527498,-58.450002,0.0,top,R3,,R_0201_0603Metric,1k,smt,True
154.22,-50.025,0.0,top,R5,,R_0201_0603Metric,10k,smt,True
97.425,-62.65,90.0,top,R6,,R_0201_0603Metric,5k1,smt,True
97.425,-58.78,-90.0,top,R7,,R_0201_0603Metric,5k1,smt,True
103.0478,-66.8782,-90.0,top,R8,,R_0201_0603Metric,10k,smt,True
97.825,-47.95,0.0,top,SW1,,JST_SH_BM02B-SRSS-TB_1x02-1MP_P1.00mm_Vertical,JST-SH-1.00mm 1x2,smt,True
135.0,-66.725,90.0,top,SW2,,SW_SPST_PTS810,PTS810 SJM Switch,smt,True
134.925,-60.075,90.0,top,SW3,,SW_SPST_PTS810,PTS810 SJM Switch,smt,True
110.5902,-72.225,0.0,top,TrillExtensionInput1,,JST_SH_SM04B-SRSS-TB_1x04-1MP_P1.00mm_Horizontal,JST-SH 1x08 1.00mm,smt,True
113.638749,-63.825001,0.0,top,U1,,SOT-25_TOR,XC6222B331MR-G,smt,True
101.675,-60.345,0.0,top,U2,,SOIC-16_3.9x9.9mm_P1.27mm,CH340C,smt,True
113.539998,-58.975002,0.0,top,U3,,SOT-23-5,MCP73831-2-OT,smt,True
129.575,-58.05,0.0,top,U4,,TSSOP-8_3x3mm_P0.65mm,PCA9306DP,smt,True
113.641549,-67.125001,0.0,top,Ud1,,21-0076_X5&plus_1_MXM,MAX8511EXK18+T,smt,True
