﻿pos_x,pos_y,rotation,side,designator,mpn,pack,value,mount_type,place
118.15,-93.2446,0.0,top,H1,,MountingHole_3.2mm_M3_DIN965,MountingHole,tht,False
194.35,-93.2446,0.0,top,H2,,MountingHole_3.2mm_M3_DIN965,MountingHole,tht,False
108.775,-97.15,-90.0,top,I2C1,,JST_SH_SM04B-SRSS-TB_1x04-1MP_P1.00mm_Horizontal,Conn_01x04,smt,True
205.1446,-97.1326,90.0,top,I2C2,,JST_SH_SM04B-SRSS-TB_1x04-1MP_P1.00mm_Horizontal,Conn_01x04,smt,True
108.775,-89.35,-90.0,top,INT1,,JST_SH_SM04B-SRSS-TB_1x04-1MP_P1.00mm_Horizontal,Conn_01x04,smt,True
205.1446,-89.3326,90.0,top,INT2,,JST_SH_SM04B-SRSS-TB_1x04-1MP_P1.00mm_Horizontal,Conn_01x04,smt,True
117.975,-80.8,180.0,top,JP1,,SolderJumper-2_P1.3mm_Open_RoundedPad1.0x1.5mm,SolderJumper_2_Open,tht,True
117.975,-83.3,180.0,top,JP2,,SolderJumper-2_P1.3mm_Open_RoundedPad1.0x1.5mm,SolderJumper_2_Open,tht,True
117.975,-85.8,180.0,top,JP3,,SolderJumper-2_P1.3mm_Open_RoundedPad1.0x1.5mm,SolderJumper_2_Open,tht,True
117.975,-88.3,180.0,top,JP4,,SolderJumper-2_P1.3mm_Open_RoundedPad1.0x1.5mm,SolderJumper_2_Open,tht,True
145.295,-102.51,90.0,top,TOUCH1,,PinHeader_1x15_P2.54mm_Vertical_SMD_Pin1Left,Conn_01x15,smt,True
145.295,-84.73,90.0,top,TOUCH2,,PinHeader_1x15_P2.54mm_Vertical_SMD_Pin1Left,Conn_01x15,smt,True
160.64,-93.62,180.0,bottom,TOUCHPADS1,,TOUCHSENSORPAD,Conn_01x30,smt,True
124.925,-93.375,0.0,top,TRILL1,,PinHeader_1x06_P2.54mm_Vertical_SMD_Pin1Left,Conn_01x06,smt,True
