﻿pos_x,pos_y,rotation,side,designator,mpn,pack,value,mount_type,place
201.3,-94.125,0.0,top,H1,,MountingHole_3.2mm_M3_DIN965,MountingHole,tht,False
163.2,-94.125,0.0,top,H2,,MountingHole_3.2mm_M3_DIN965,MountingHole,tht,False
135.7642,-98.021,-90.0,top,I2C1,,JST_SH_SM04B-SRSS-TB_1x04-1MP_P1.00mm_Horizontal,Conn_01x04,smt,True
215.0892,-98.013,90.0,top,I2C2,,JST_SH_SM04B-SRSS-TB_1x04-1MP_P1.00mm_Horizontal,Conn_01x04,smt,True
135.7642,-90.229,-90.0,top,INT1,,JST_SH_SM04B-SRSS-TB_1x04-1MP_P1.00mm_Horizontal,Conn_01x04,smt,True
215.0892,-90.213,90.0,top,INT2,,JST_SH_SM04B-SRSS-TB_1x04-1MP_P1.00mm_Horizontal,Conn_01x04,smt,True
202.914184,-107.06,0.0,top,J1,,CON_541323262_MOL,Conn_01x32,smt,True
144.1142,-82.513,180.0,top,JP1,,SolderJumper-2_P1.3mm_Open_RoundedPad1.0x1.5mm,SolderJumper_2_Open,tht,False
144.1142,-85.013,180.0,top,JP2,,SolderJumper-2_P1.3mm_Open_RoundedPad1.0x1.5mm,SolderJumper_2_Open,tht,False
144.1142,-87.563,180.0,top,JP3,,SolderJumper-2_P1.3mm_Open_RoundedPad1.0x1.5mm,SolderJumper_2_Open,tht,False
144.1142,-90.113,180.0,top,JP4,,SolderJumper-2_P1.3mm_Open_RoundedPad1.0x1.5mm,SolderJumper_2_Open,tht,False
169.655,-103.0625,90.0,top,TOUCH1,,PinHeader_1x15_P2.54mm_Vertical_SMD_Pin1Left,Conn_01x15,smt,True
169.64,-85.1875,90.0,top,TOUCH2,,PinHeader_1x15_P2.54mm_Vertical_SMD_Pin1Left,Conn_01x15,smt,True
149.27,-93.9175,0.0,top,TOUCH3,,PinHeader_1x06_P2.54mm_Vertical_SMD_Pin1Left,Conn_01x06,smt,True
