﻿pos_x,pos_y,rotation,side,designator,mpn,pack,value,mount_type,place
209.755,-80.51,0.0,top,H1,,MountingHole_3.2mm_M3_DIN965,MountingHole,tht,False
146.255,-80.51,0.0,top,H2,,MountingHole_3.2mm_M3_DIN965,MountingHole,tht,False
138.345,-84.163,90.0,top,I2C1,,JST_SH_BM04B-SRSS-TB_1x04-1MP_P1.00mm_Vertical,Conn_01x04,smt,True
215.655,-84.145,-90.0,top,I2C2,,JST_SH_BM04B-SRSS-TB_1x04-1MP_P1.00mm_Vertical,Conn_01x04,smt,True
138.345,-76.342,90.0,top,INT1,,JST_SH_BM04B-SRSS-TB_1x04-1MP_P1.00mm_Vertical,Conn_01x04,smt,True
215.655,-76.295,-90.0,top,INT2,,JST_SH_BM04B-SRSS-TB_1x04-1MP_P1.00mm_Vertical,Conn_01x04,smt,True
32.865,-118.255,0.0,bottom,J1,,tstick-buttons,Conn_01x30,smt,True
147.8,-68.485,180.0,top,JP1,,SolderJumper-2_P1.3mm_Open_RoundedPad1.0x1.5mm,SolderJumper_2_Open,tht,False
147.8,-70.985,180.0,top,JP2,,SolderJumper-2_P1.3mm_Open_RoundedPad1.0x1.5mm,SolderJumper_2_Open,tht,False
147.8,-73.535,180.0,top,JP3,,SolderJumper-2_P1.3mm_Open_RoundedPad1.0x1.5mm,SolderJumper_2_Open,tht,False
147.8,-76.085,180.0,top,JP4,,SolderJumper-2_P1.3mm_Open_RoundedPad1.0x1.5mm,SolderJumper_2_Open,tht,False
176.0799,-82.62,0.0,top,U1,,Trill-Craft-Headers,Trill_Craft,tht,False
