﻿designator,quantity,value,pack,mpn,mount_type
BOARDLAYOUT1,1,LAYOUT,board-layout,,tht
BT1,1,JST-PH-1x02-2.000mm,JST_PH_B2B-PH-SM4-TB_1x02-1MP_P2.00mm_Vertical,,smt
BT2,1,Battery_Cell,SolderPad,,smt
"C1, C13, C15, C6, C7",5,0.1uF,C_0201_0603Metric,,smt
"C10, C11, C12, C4, C5, C9",6,1uF,C_0201_0603Metric,,smt
C14,1,10uF,C_0603_1608Metric,,smt
C2,1,0.47uF,C_0201_0603Metric,,smt
"C3, C8",2,4.7uF,C_0201_0603Metric,,smt
"CHARGLED1, CHARGLED2, CHARGLED3",3,LED,LED_0402_1005Metric,,smt
FG1,1,MAX17055ETB+T,21-100013A_T102A2&plus_1C_MXM,,smt
"FSR1, SW1",2,JST-SH-1.00mm 1x2,JST_SH_BM02B-SRSS-TB_1x02-1MP_P1.00mm_Vertical,,smt
"H1, H2",2,MountingHole,MountingHole_3.2mm_M3_DIN965,,tht
IMU1,1,ICM-20948,QFN24_3X3X0P9_IVS,,smt
J1,1,USB_C_Receptacle_USB2.0,USB_C_Receptacle_GCT_USB4105-xx-A_16P_TopMnt_Horizontal,,smt
MCU1,1,ESP32-S3-WROOM-2,ESP32-S3-WROOM-2,,smt
PWLED1,1,SK6812MINI,2659,,smt
"Q1, Q2, Q3",3,BSS138,SOT-23,,smt
"QWIIC1, TrillExtensionInput1",2,JST-SH-1x04 1.0mm,JST_SH_BM04B-SRSS-TB_1x04-1MP_P1.00mm_Vertical,,smt
"R1, R22, R24, R3",4,1k,R_0201_0603Metric,,smt
"R12, R5, TH1, TH2",4,10k,R_0201_0603Metric,,smt
R13,1,300,R_0201_0603Metric,,smt
"R14, R15, R16, R19, R21, R23",6,2k2,R_0201_0603Metric,,smt
R17,1,24.9k,R_0201_0603Metric,,smt
R18,1,330k,R_0201_0603Metric,,smt
R2,1,Ohmite_LVK12 10m,LVK12_OHM-L,,smt
R20,1,2k,R_0201_0603Metric,,smt
R4,1,110k,R_0201_0603Metric,,smt
"R6, R7",2,5k1,R_0201_0603Metric,,smt
"SW2, SW3",2,PTS810 SJM Switch,SW_SPST_PTS810,,smt
U1,1,USBLC6-2P6,SOT-666,,smt
U2,1,MCP73871,QFN-20-1EP_4x4mm_P0.5mm_EP2.5x2.5mm,,smt
U3,1,NCP167AMX330TBG,XDFN4_1X1_711AJ_ONS,,smt
U4,1,NCP167AMX180TBG,XDFN4_1X1_711AJ_ONS,,smt
