﻿pos_x,pos_y,rotation,side,designator,mpn,pack,value,mount_type,place
139.66,-49.06,0.0,top,BOARDLAYOUT1,,board-layout,LAYOUT,tht,False
112.22,-52.33,0.0,top,BT1,,JST_PH_B2B-PH-SM4-TB_1x02-1MP_P2.00mm_Vertical,JST-PH-1x02-2.000mm,smt,True
118.71,-49.8,180.0,top,BT2,,SolderPad,Battery_Cell,smt,False
115.36,-58.12,-90.0,top,C1,,C_0201_0603Metric,0.1uF,smt,True
132.725,-55.8,-90.0,top,C13,,C_0201_0603Metric,0.1uF,smt,True
126.77,-56.32875,-90.0,top,C14,,C_0201_0603Metric,0.1uF,smt,True
114.64,-58.135,-90.0,top,C2,,C_0201_0603Metric,0.47uF,smt,True
110.004999,-69.145699,180.0,top,C3,,C_0201_0603Metric,4.7uF,smt,True
117.5093,-67.1507,180.0,top,C4,,C_0603_1608Metric,22uF,smt,True
117.4843,-62.7307,180.0,top,C5,,C_0603_1608Metric,22uF,smt,True
110.009999,-68.435699,180.0,top,C8,,C_0201_0603Metric,4.7uF,smt,True
149.75,-49.88,90.0,top,C9,,C_0201_0603Metric,1uF,smt,True
114.899999,-68.710699,90.0,top,CHARGLED1,,LED_0201_0603Metric,LED,smt,True
112.2686,-57.350001,0.0,top,FG1,,21-100013A_T102A2&plus_1C_MXM,MAX17055ETB+T,smt,True
130.56,-50.39,90.0,top,FSR1,,JST_SH_BM02B-SRSS-TB_1x02-1MP_P1.00mm_Vertical,JST-SH-1.00mm 1x2,smt,True
103.23,-51.49,0.0,top,H1,,MountingHole_3.2mm_M3_DIN965,MountingHole,tht,False
103.23,-69.27,0.0,top,H2,,MountingHole_3.2mm_M3_DIN965,MountingHole,tht,False
121.5784,-61.525,0.0,top,IMU1,,QFN24_3X3X0P9_IVS,ICM-20948,smt,True
102.71,-60.45,-90.0,top,J1,,USB_C_Receptacle_GCT_USB4105-xx-A_16P_TopMnt_Horizontal,USB_C_Receptacle_USB2.0,smt,True
117.5093,-65.6807,0.0,top,L1,,L_0603_1608Metric,4.7uH,smt,True
117.4968,-64.1907,0.0,top,L2,,L_0603_1608Metric,4.7uH,smt,True
145.17,-60.45,-90.0,top,MCU1,,ESP32-S3-WROOM-2,ESP32-S3-WROOM-2,smt,True
129.85,-56.35,0.0,top,PWLED1,,2659,SK6812MINI,smt,True
125.125,-65.05,-90.0,top,Q3,,SOT-23,BSS138,smt,True
119.89,-70.895,180.0,top,QWIIC1,,JST_SH_BM04B-SRSS-TB_1x04-1MP_P1.00mm_Vertical,JST-SH-1x04 1.0mm,smt,True
133.91,-51.01,0.0,top,R1,,R_0201_0603Metric,1k,smt,True
114.295,-62.675,180.0,top,R10,,R_0201_0603Metric,100k,smt,True
114.295,-61.975,0.0,top,R11,,R_0201_0603Metric,80.6k,smt,True
108.75,-56.8,90.0,top,R12,,R_0201_0603Metric,10k,smt,True
133.075,-57.225,180.0,top,R13,,R_0201_0603Metric,300,smt,True
126.05,-56.32875,-90.0,top,R18,,R_0201_0603Metric,200k,smt,True
134.16,-58.22,90.0,top,R19,,R_0201_0603Metric,2k2,smt,True
112.24,-59.67,180.0,top,R2,,LVK12_OHM-L,Ohmite_LVK12 10m,smt,True
134.16,-60.13,-90.0,top,R20,,R_0201_0603Metric,2k2,smt,True
122.7,-64.525,180.0,top,R21,,R_0201_0603Metric,2k2,smt,True
124.805,-67.35,180.0,top,R23,,R_0201_0603Metric,2k2,smt,True
115.6093,-68.725,90.0,top,R3,,R_0201_0603Metric,1k,smt,True
114.199999,-68.715699,90.0,top,R4,,R_0201_0603Metric,6.04k,smt,True
150.48,-49.89,90.0,top,R5,,R_0201_0603Metric,10k,smt,True
108.59,-62.52,90.0,top,R6,,R_0201_0603Metric,5k1,smt,True
108.59,-58.89,-90.0,top,R7,,R_0201_0603Metric,5k1,smt,True
112.799999,-68.715699,90.0,top,R8,,R_0201_0603Metric,100k,smt,True
113.499999,-68.715699,-90.0,top,R9,,R_0201_0603Metric,232k,smt,True
125.325,-50.4,90.0,top,SW1,,JST_SH_BM02B-SRSS-TB_1x02-1MP_P1.00mm_Vertical,JST-SH-1.00mm 1x2,smt,True
129.725,-66.125,180.0,top,SW2,,SW_SPST_PTS810,PTS810 SJM Switch,smt,True
129.725,-62.375,0.0,top,SW3,,SW_SPST_PTS810,PTS810 SJM Switch,smt,True
109.46,-56.78,90.0,top,TH1,,R_0201_0603Metric,10k,smt,True
127.71,-70.895,180.0,top,TrillExtensionInput1,,JST_SH_BM04B-SRSS-TB_1x04-1MP_P1.00mm_Vertical,JST-SH 1x08 1.00mm,smt,True
111.999999,-65.374999,0.0,top,U1,,21-0139_T2844&plus_1_MXM,max8819ceti+,smt,True
121.975,-57.575,0.0,top,U4,,TSSOP-8_3x3mm_P0.65mm,PCA9306DP,smt,True
