﻿designator,quantity,value,pack,mpn,mount_type
"ANG1, ANG2",2,JST-SH-1.00mm 1x2,JST_SH_BM02B-SRSS-TB_1x02-1MP_P1.00mm_Vertical,BM02B-SRSS-TB,smt
BOARDLAYOUT1,1,LAYOUT,board-layout,,tht
"BT1, BT2",2,JST-PH-1x02-2.000mm,JST_PH_B2B-PH-SM4-TB_1x02-1MP_P2.00mm_Vertical,B2B-PH-SM4-TBT,smt
"C1, C15, C6, C7",4,0.1uF,C_0201_0603Metric,CL03A104KP3NNNC,smt
"C10, C11, C12, C4, C5, C9",6,1uF,C_0201_0603Metric,CL03A105KQ3CSNC,smt
C14,1,10uF,C_0603_1608Metric,CL10A106KQ8NNNC,smt
C2,1,0.47uF,C_0201_0603Metric,CL03A474KQ3NNNC,smt
"C3, C8",2,4.7uF,C_0201_0603Metric,CL03A475MQ5C65C,smt
CHARGLED1,1,S1,LED_0402_1005Metric,APHHS1005SURCK,smt
CHARGLED2,1,S2,LED_0402_1005Metric,APHHS1005SURCK,smt
CHARGLED3,1,PG,LED_0402_1005Metric,APHHS1005SURCK,smt
FG1,1,MAX17055ETB+T,21-100013A_T102A2&plus_1C_MXM,MAX17055ETB+T,smt
"H1, H2",2,MountingHole,MountingHole_3.2mm_M3_DIN965,,tht
IMU1,1,ICM-20948,QFN24_3X3X0P9_IVS,ICM-20948,smt
J1,1,USB_C_Receptacle_USB2.0,USB_C_Receptacle_GCT_USB4105-xx-A_16P_TopMnt_Horizontal,USB4105-GF-A,smt
MCU1,1,ESP32-S3-WROOM-2,ESP32-S3-WROOM-2,ESP32-S3-WROOM-2-N32R8V,smt
"Q1, Q2, Q3",3,BSS138,SOT-23,BSS138,smt
"R1, R10, R22, R24, R3, R8",6,1k,R_0201_0603Metric,ERJ-1GNF1001C,smt
"R12, R5",2,10k,R_0201_0603Metric,ERJ-1GNF1002C,smt
"R14, R15, R16, R19, R21, R23",6,2k2,R_0201_0603Metric,ERJ-1GNF2201C,smt
R17,1,24.9k,R_0201_0603Metric,ERJ-1GNF2492C,smt
R18,1,330k,R_0201_0603Metric,ERJ-1GNF3303C,smt
R2,1,Ohmite_LVK12 10m,LVK12_OHM-L,LVK12R010CER,smt
R20,1,2k,R_0201_0603Metric,ERJ-1GNF2001C,smt
R4,1,110k,R_0201_0603Metric,ERJ-1GNF1103C,smt
"R6, R7",2,5k1,R_0201_0603Metric,ERJ-1GNJ512C,smt
R9,1,10k,R_0201_0603Metric,ERJ-1GNF2492C,smt
STATLED1,1,WIFISTATUS,LED_0402_1005Metric,APHHS1005SURCK,smt
STATLED2,1,GENERAL STATUS,LED_0402_1005Metric,APHHS1005SURCK,smt
"SW1, SW2",2,B3U-1000P,SW_SPST_B3U-1000P,PTS810 SJM 250 SMTR LFS,smt
TH1,1,10k,R_0201_0603Metric,ERT-JZEG103FA,smt
"TOUCH1, TOUCH2",2,JST-SH-1x04 1.0mm,JST_SH_BM04B-SRSS-TB_1x04-1MP_P1.00mm_Vertical,BM04B-SRSS-TB,smt
U1,1,USBLC6-2P6,SOT-666,USBLC6-2P6,smt
U2,1,MCP73871,QFN-20-1EP_4x4mm_P0.5mm_EP2.5x2.5mm,MCP73871-2CCI/ML,smt
U3,1,NCP167AMX330TBG,XDFN4_1X1_711AJ_ONS,NCP167AMX330TBG,smt
U4,1,NCP167AMX180TBG,XDFN4_1X1_711AJ_ONS,NCP167AMX180TBG,smt
