﻿designator,quantity,value,pack,mpn,mount_type
BOARDLAYOUT1,1,LAYOUT,board-layout,,tht
BT1,1,JST-PH-1x02-2.000mm,JST_PH_B2B-PH-SM4-TB_1x02-1MP_P2.00mm_Vertical,,smt
BT2,1,Battery_Cell,SolderPad,,smt
"C1, C13, C14, C6, C7",5,0.1uF,C_0201_0603Metric,,smt
"C10, C9",2,1uF,C_0201_0603Metric,,smt
C2,1,0.47uF,C_0201_0603Metric,,smt
"C3, C8",2,4.7uF,C_0201_0603Metric,,smt
"C4, C5",2,22uF,C_0603_1608Metric,,smt
CHARGLED1,1,LED,LED_0201_0603Metric,,smt
FG1,1,MAX17055ETB+T,21-100013A_T102A2&plus_1C_MXM,,smt
"FSR1, SW1",2,JST-SH-1.00mm 1x2,JST_SH_BM02B-SRSS-TB_1x02-1MP_P1.00mm_Vertical,,smt
"H1, H2",2,MountingHole,MountingHole_3.2mm_M3_DIN965,,tht
IMU1,1,ICM-20948,QFN24_3X3X0P9_IVS,,smt
J1,1,USB_C_Receptacle_USB2.0,USB_C_Receptacle_GCT_USB4105-xx-A_16P_TopMnt_Horizontal,,smt
"L1, L2",2,4.7uH,L_0603_1608Metric,,smt
MCU1,1,ESP32-S3-WROOM-2,ESP32-S3-WROOM-2,,smt
PWLED1,1,SK6812MINI,2659,,smt
Q3,1,BSS138,SOT-23,,smt
QWIIC1,1,JST-SH-1x04 1.0mm,JST_SH_BM04B-SRSS-TB_1x04-1MP_P1.00mm_Vertical,,smt
"R1, R3",2,1k,R_0201_0603Metric,,smt
"R10, R8",2,100k,R_0201_0603Metric,,smt
R11,1,80.6k,R_0201_0603Metric,,smt
"R12, R5, TH1",3,10k,R_0201_0603Metric,,smt
R13,1,300,R_0201_0603Metric,,smt
"R14, R15, R19, R20, R21, R23",6,2k2,R_0201_0603Metric,,smt
R18,1,200k,R_0201_0603Metric,,smt
R2,1,Ohmite_LVK12 10m,LVK12_OHM-L,,smt
R4,1,6.04k,R_0201_0603Metric,,smt
"R6, R7",2,5k1,R_0201_0603Metric,,smt
R9,1,232k,R_0201_0603Metric,,smt
"SW2, SW3",2,PTS810 SJM Switch,SW_SPST_PTS810,,smt
TrillExtensionInput1,1,JST-SH 1x08 1.00mm,JST_SH_BM04B-SRSS-TB_1x04-1MP_P1.00mm_Vertical,,smt
U1,1,max8819ceti+,21-0139_T2844&plus_1_MXM,,smt
U4,1,PCA9306DP,TSSOP-8_3x3mm_P0.65mm,,smt
