﻿pos_x,pos_y,rotation,side,designator,mpn,pack,value,mount_type,place
134.6018,-49.5291,0.0,top,BOARDLAYOUT1,,board-layout,LAYOUT,tht,False
107.1618,-52.7991,0.0,top,BT1,,JST_PH_B2B-PH-SM4-TB_1x02-1MP_P2.00mm_Vertical,JST-PH-1x02-2.000mm,smt,True
113.6518,-50.2691,180.0,top,BT2,,SolderPad,Battery_Cell,smt,False
110.3018,-58.5891,-90.0,top,C1,,C_0201_0603Metric,0.1uF,smt,True
119.5418,-62.3691,-90.0,top,C10,,C_0201_0603Metric,1uF,smt,True
127.6668,-56.2691,-90.0,top,C13,,C_0201_0603Metric,0.1uF,smt,True
121.7118,-56.79785,-90.0,top,C14,,C_0201_0603Metric,0.1uF,smt,True
109.5818,-58.6041,-90.0,top,C2,,C_0201_0603Metric,0.47uF,smt,True
104.946799,-69.614799,180.0,top,C3,,C_0201_0603Metric,4.7uF,smt,True
112.4511,-67.6198,180.0,top,C4,,C_0603_1608Metric,22uF,smt,True
112.4261,-63.1998,180.0,top,C5,,C_0603_1608Metric,22uF,smt,True
116.5668,-64.8491,-90.0,top,C6,,C_0201_0603Metric,0.1uF,smt,True
120.2668,-62.3691,-90.0,top,C7,,C_0201_0603Metric,0.1uF,smt,True
104.951799,-68.904799,180.0,top,C8,,C_0201_0603Metric,4.7uF,smt,True
144.6918,-50.3491,90.0,top,C9,,C_0201_0603Metric,1uF,smt,True
109.841799,-69.179799,90.0,top,CHARGLED1,,LED_0201_0603Metric,LED,smt,True
107.2104,-57.819101,0.0,top,FG1,,21-100013A_T102A2&plus_1C_MXM,MAX17055ETB+T,smt,True
125.5018,-50.8591,90.0,top,FSR1,,JST_SH_BM02B-SRSS-TB_1x02-1MP_P1.00mm_Vertical,JST-SH-1.00mm 1x2,smt,True
98.1718,-51.9591,0.0,top,H1,,MountingHole_3.2mm_M3_DIN965,MountingHole,tht,False
98.1718,-69.7391,0.0,top,H2,,MountingHole_3.2mm_M3_DIN965,MountingHole,tht,False
116.5202,-61.9941,0.0,top,IMU1,,QFN24_3X3X0P9_IVS,ICM-20948,smt,True
97.6518,-60.9191,-90.0,top,J1,,USB_C_Receptacle_GCT_USB4105-xx-A_16P_TopMnt_Horizontal,USB_C_Receptacle_USB2.0,smt,True
112.4511,-66.1498,0.0,top,L1,,L_0603_1608Metric,4.7uH,smt,True
112.4386,-64.6598,0.0,top,L2,,L_0603_1608Metric,4.7uH,smt,True
140.1118,-60.9191,-90.0,top,MCU1,,ESP32-S3-WROOM-2,ESP32-S3-WROOM-2,smt,True
124.7918,-56.8191,0.0,top,PWLED1,,2659,SK6812MINI,smt,True
120.0668,-65.5191,-90.0,top,Q3,,SOT-23,BSS138,smt,True
114.8318,-71.3641,180.0,top,QWIIC1,,JST_SH_BM04B-SRSS-TB_1x04-1MP_P1.00mm_Vertical,JST-SH-1x04 1.0mm,smt,True
128.8518,-51.4791,0.0,top,R1,,R_0201_0603Metric,1k,smt,True
109.2368,-63.1441,180.0,top,R10,,R_0201_0603Metric,100k,smt,True
109.2368,-62.4441,0.0,top,R11,,R_0201_0603Metric,80.6k,smt,True
103.6918,-57.2691,90.0,top,R12,,R_0201_0603Metric,10k,smt,True
128.0168,-57.6941,180.0,top,R13,,R_0201_0603Metric,300,smt,True
113.6168,-58.0641,90.0,top,R14,,R_0201_0603Metric,2k2,smt,True
113.6168,-59.4641,-90.0,top,R15,,R_0201_0603Metric,2k2,smt,True
120.9918,-56.79785,-90.0,top,R18,,R_0201_0603Metric,200k,smt,True
129.1018,-58.6891,90.0,top,R19,,R_0201_0603Metric,2k2,smt,True
107.1818,-60.1391,180.0,top,R2,,LVK12_OHM-L,Ohmite_LVK12 10m,smt,True
129.1018,-60.5991,-90.0,top,R20,,R_0201_0603Metric,2k2,smt,True
117.9918,-64.9891,-90.0,top,R21,,R_0201_0603Metric,2k2,smt,True
119.7468,-67.8191,180.0,top,R23,,R_0201_0603Metric,2k2,smt,True
110.5511,-69.1941,90.0,top,R3,,R_0201_0603Metric,1k,smt,True
109.141799,-69.184799,90.0,top,R4,,R_0201_0603Metric,6.04k,smt,True
145.4218,-50.3591,90.0,top,R5,,R_0201_0603Metric,10k,smt,True
103.5318,-62.9891,90.0,top,R6,,R_0201_0603Metric,5k1,smt,True
103.5318,-59.3591,-90.0,top,R7,,R_0201_0603Metric,5k1,smt,True
107.741799,-69.184799,90.0,top,R8,,R_0201_0603Metric,100k,smt,True
108.441799,-69.184799,-90.0,top,R9,,R_0201_0603Metric,232k,smt,True
120.2668,-50.8691,90.0,top,SW1,,JST_SH_BM02B-SRSS-TB_1x02-1MP_P1.00mm_Vertical,JST-SH-1.00mm 1x2,smt,True
124.6668,-66.5941,180.0,top,SW2,,SW_SPST_PTS810,PTS810 SJM Switch,smt,True
124.6668,-62.8441,0.0,top,SW3,,SW_SPST_PTS810,PTS810 SJM Switch,smt,True
104.4018,-57.2491,90.0,top,TH1,,R_0201_0603Metric,10k,smt,True
122.6518,-71.3641,180.0,top,TrillExtensionInput1,,JST_SH_BM04B-SRSS-TB_1x04-1MP_P1.00mm_Vertical,JST-SH 1x08 1.00mm,smt,True
106.941799,-65.844099,0.0,top,U1,,21-0139_T2844&plus_1_MXM,max8819ceti+,smt,True
116.9168,-58.0441,0.0,top,U4,,TSSOP-8_3x3mm_P0.65mm,PCA9306DP,smt,True
