﻿designator,quantity,value,pack,mpn,mount_type
"ANG1, ANG2",2,JST-SH-1.00mm 1x2,JST_SH_BM02B-SRSS-TB_1x02-1MP_P1.00mm_Vertical,BM02B-SRSS-TB,smt
BOARDLAYOUT1,1,LAYOUT,board-layout,,tht
"BT1, BT2",2,JST-PH-1x02-2.000mm,JST_PH_S2B-PH-SM4-TB_1x02-1MP_P2.00mm_Horizontal,B2B-PH-SM4-TBT,smt
"C1, C15, C18, C19, C21, C6, C7",7,0.1uF,C_0402_1005Metric,CL05B104KO5NNNC,smt
"C10, C11, C12, C16, C17, C20, C4, C5, C9",9,1uF,C_0402_1005Metric,CL05A105KO5NNNC,smt
"C13, C14",2,10uF,C_0603_1608Metric,CL10A105KO8NNNC,smt
C2,1,0.47uF,C_0402_1005Metric,GRT155R61C474KE01D,smt
"C3, C8",2,4.7uF,C_0603_1608Metric,CL10A475KO8NNNC,smt
CHARGLED1,1,S1,LED_0402_1005Metric,APHHS1005SURCK,smt
CHARGLED2,1,S2,LED_0402_1005Metric,APHHS1005SURCK,smt
CHARGLED3,1,PG,LED_0402_1005Metric,APHHS1005SURCK,smt
FG1,1,MAX17055ETB+T,21-100013A_T102A2&plus_1C_MXM,MAX17055ETB+T,smt
"H1, H2",2,MountingHole,MountingHole_3.2mm_M3_DIN965,,tht
IMU1,1,ICM-20948,QFN24_3X3X0P9_IVS,ICM-20948,smt
J1,1,USB_C_Receptacle_USB2.0,USB_C_Receptacle_GCT_USB4105-xx-A_16P_TopMnt_Horizontal,USB4105-GF-A,smt
MCU1,1,ESP32-S3-WROOM-2,ESP32-S3-WROOM-2,ESP32-S3-WROOM-2-N32R8V,smt
"R1, R10, R8",3,1k,R_0402_1005Metric,ERJ-2RKF1001X,smt
"R12, R5, R9",3,10k,R_0402_1005Metric,ERJ-2RKF1002X,smt
"R16, R19",2,2k2,R_0402_1005Metric,ERJ-2RKF2201X,smt
R17,1,24.9k,R_0402_1005Metric,ERJ-2RKF2492X,smt
R18,1,330k,R_0402_1005Metric,ERJ-2RKF3303X,smt
R2,1,Ohmite_LVK12 10m,LVK12_OHM-L,LVK12R010CER,smt
R20,1,2k,R_0402_1005Metric,ERJ-2RKF2001X,smt
"R22, R3",2,2k,R_0402_1005Metric,ERJ-2RKF1001X,smt
R24,1,470,R_0402_1005Metric,ERJ-2RKF1001X,smt
R4,1,110k,R_0402_1005Metric,ERJ-2RKF1103X,smt
"R6, R7",2,5k1,R_0402_1005Metric,ERJ-2RKF5101X,smt
STATLED1,1,WIFISTATUS,LED_0402_1005Metric,APHHS1005SURCK,smt
STATLED2,1,GENERAL STATUS,LED_0402_1005Metric,APHHS1005SURCK,smt
"SW1, SW2",2,B3U-1000P,SW_SPST_B3U-1000P,PTS810 SJM 250 SMTR LFS,smt
TH1,1,10k,R_0402_1005Metric,ERT-JZEG103FA,smt
"TOUCH1, TOUCH2",2,JST-SH-1x04 1.0mm,JST_SH_BM04B-SRSS-TB_1x04-1MP_P1.00mm_Vertical,BM04B-SRSS-TB,smt
U1,1,USBLC6-2P6,SOT-666,USBLC6-2P6,smt
U2,1,MCP73871,QFN-20-1EP_4x4mm_P0.5mm_EP2.5x2.5mm,MCP73871-2CCI/ML,smt
"U3, U5",2,NCP167AMX330TBG,XDFN4_1X1_711AJ_ONS,NCP167AMX330TBG,smt
U4,1,NCP167AMX180TBG,XDFN4_1X1_711AJ_ONS,NCP167AMX180TBG,smt
U7,1,max3378eetd+t,21-0137I_T1433-2_MXM,,smt
