﻿designator,quantity,value,pack,mpn,mount_type
"C1, C10, C12, C14, C3, C5",6,0.1uF,C_0402_1005Metric,GCM155R71C104KA55J,smt
"C11, C13, C15, C18, C2, C4",6,1uF,C_0402_1005Metric,GRM155R61C105KA12D,smt
"C6, C7, C8, C9",4,2.2nF,C_0402_1005Metric,GRM155R71H222JA01J,smt
D1,1,ESD5Zxx,D_SOD-523,ESD5V0D5-TP,smt
"GPIO1, GPIO2",2,I2C,JST_SH_BM04B-SRSS-TB_1x04-1MP_P1.00mm_Vertical,BM04B-SRSS-TB,smt
GPIO3,1,SPI1,JST_SH_BM04B-SRSS-TB_1x04-1MP_P1.00mm_Vertical,BM04B-SRSS-TB,smt
GPIO4,1,SPI2,JST_SH_BM04B-SRSS-TB_1x04-1MP_P1.00mm_Vertical,BM04B-SRSS-TB,smt
GPIO5,1,POLLINGPADS,solderpads,,smt
"H1, H2",2,MountingHole,MountingHole_3.2mm_M3,,tht
J2,1,Progamming Header,PinHeader_2x05_P1.27mm_Vertical_SMD,3220-10-0300-00,smt
"R1, R2",2,330,R_0201_0603Metric,ERJ-1GNF3300C,smt
"R10, R11, R12, R13, R14, R15, R16, R17, R18, R19, R20, R21, R22, R23, R24, R25, R26, R27, R28, R29, R3, R30, R31, R32, R33, R34, R35, R36, R37, R38, R39, R4, R40, R41, R42, R43, R44, R45, R46, R47, R48, R49, R5, R50, R51, R52, R53, R54, R55, R56, R57, R58, R59, R6, R60, R61, R62, R7, R8, R9",60,560,R_0201_0603Metric,ERJ-1GNF5600C,smt
"R63, R64",2,4.7k,R_0201_0603Metric,ERJ-1GNF4701C,smt
"TOUCH1, TOUCH2",2,FFCHEADER,CON_541323262_MOL,54132-3262,smt
U1,1,CY8C4149AZI-S598,QFP-100,CY8C4149AZI-S598,smt
