﻿designator,quantity,value,pack,mpn,mount_type
BT1,1,JST-PH-1x02-2.000mm,JST_PH_B2B-PH-SM4-TB_1x02-1MP_P2.00mm_Vertical,,smt
BT2,1,Battery_Cell,SolderPad,,smt
"C1, C13, C14, C7",4,0.1uF,C_0201_0603Metric,,smt
"C10, C3, C4, C9",4,1uF,C_0201_0603Metric,,smt
"C11, C12, C2",3,0.47uF,C_0201_0603Metric,,smt
C8,1,10uF,C_0603_1608Metric,,smt
CHARGLED1,1,LED,LED_0201_0603Metric,,smt
D1,1,3A/10V/288mJ,D_SOD-323,,smt
FG1,1,MAX17055ETB+T,21-100013A_T102A2&plus_1C_MXM,,smt
"FSR1, SW1",2,JST-SH-1.00mm 1x2,JST_SH_BM02B-SRSS-TB_1x02-1MP_P1.00mm_Vertical,,smt
"H1, H2",2,MountingHole,MountingHole_3.2mm_M3_DIN965,,tht
I2C2,1,Conn_01x04,PinHeader_2x02_P2.54mm_Vertical,,tht
IMU1,1,ICM-20948,QFN24_3X3X0P9_IVS,,smt
J1,1,USB_C_Receptacle_USB2.0,USB_C_Receptacle_GCT_USB4105-xx-A_16P_TopMnt_Horizontal,,smt
J2,1,GPIO2,PinHeader_1x08_P2.54mm_Vertical,,tht
J3,1,GPIO1,PinHeader_1x06_P2.54mm_Vertical,,tht
MCU1,1,ESP32-S3-WROOM-2,ESP32-S3-WROOM-2,,smt
PWLED1,1,SK6812MINI,2659,,smt
Q2,1,20V/4.2A/52mOhm/1.4W,SOT-23-3,,smt
Q3,1,BSS138,SOT-23,,smt
QWIIC1,1,JST-SH-1x04 1.0mm,JST_SH_BM04B-SRSS-TB_1x04-1MP_P1.00mm_Vertical,,smt
"R1, R3",2,1k,R_0201_0603Metric,,smt
"R13, R14, R21, R23, R5",5,10k,R_0201_0603Metric,,smt
R15,1,2k,R_0201_0603Metric,,smt
"R16, R17, R19, R20",4,2k2,R_0201_0603Metric,,smt
R18,1,200k,R_0201_0603Metric,,smt
R2,1,Ohmite_LVK12 10m,LVK12_OHM-L,,smt
"R6, R7",2,5k1,R_0201_0603Metric,,smt
"SW2, SW3",2,PTS810 SJM Switch,SW_SPST_PTS810,,smt
TrillExtensionInput1,1,JST-SH 1x08 1.00mm,JST_SH_BM04B-SRSS-TB_1x04-1MP_P1.00mm_Vertical,,smt
U1,1,XC6222B331MR-G,SOT-25_TOR,,smt
U3,1,MCP73831-2-OT,SOT-23-5,,smt
U4,1,PCA9306DP,TSSOP-8_3x3mm_P0.65mm,,smt
Ud1,1,MAX8511EXK18+T,21-0076_X5&plus_1_MXM,,smt
