﻿pos_x,pos_y,rotation,side,designator,mpn,pack,value,mount_type,place
122.22,-51.82,0.0,top,BT1,,JST_PH_B2B-PH-SM4-TB_1x02-1MP_P2.00mm_Vertical,JST-PH-1x02-2.000mm,smt,True
128.76,-49.23,180.0,top,BT2,,SolderPad,Battery_Cell,smt,True
110.35,-57.52,-90.0,top,C1,,C_0201_0603Metric,0.1uF,smt,True
118.21,-59.49,-90.0,top,C10,,C_0201_0603Metric,1uF,smt,True
109.93,-64.985098,-90.0,top,C11,,C_0201_0603Metric,0.47uF,smt,True
109.61,-57.51,-90.0,top,C12,,C_0201_0603Metric,0.47uF,smt,True
131.32,-54.02,-90.0,top,C13,,C_0201_0603Metric,0.1uF,smt,True
129.16,-57.58,90.0,top,C14,,C_0201_0603Metric,0.1uF,smt,True
110.35,-58.94,90.0,top,C2,,C_0201_0603Metric,0.47uF,smt,True
126.3725,-63.75,-90.0,top,C3,,C_0201_0603Metric,1uF,smt,True
117.47,-59.49,-90.0,top,C4,,C_0201_0603Metric,1uF,smt,True
125.15,-57.46,0.0,top,C7,,C_0201_0603Metric,0.1uF,smt,True
125.61,-56.32,0.0,top,C8,,C_0603_1608Metric,10uF,smt,True
154.925,-49.775,90.0,top,C9,,C_0201_0603Metric,1uF,smt,True
108.885,-61.09,180.0,top,CHARGLED1,,LED_0201_0603Metric,LED,smt,True
116.69,-65.89,180.0,top,D1,,D_SOD-323,3A/10V/288mJ,smt,True
112.5961,-59.342501,180.0,top,FG1,,21-100013A_T102A2&plus_1C_MXM,MAX17055ETB+T,smt,True
114.15,-50.62,90.0,top,FSR1,,JST_SH_BM02B-SRSS-TB_1x02-1MP_P1.00mm_Vertical,JST-SH-1.00mm 1x2,smt,True
103.21,-51.89,0.0,top,H1,,MountingHole_3.2mm_M3_DIN965,MountingHole,tht,False
103.21,-68.69,0.0,top,H2,,MountingHole_3.2mm_M3_DIN965,MountingHole,tht,False
110.1,-69.29,0.0,top,I2C2,,PinHeader_2x02_P2.54mm_Vertical,Conn_01x04,tht,True
123.8384,-64.630001,0.0,top,IMU1,,QFN24_3X3X0P9_IVS,ICM-20948,smt,True
102.69,-60.31,-90.0,top,J1,,USB_C_Receptacle_GCT_USB4105-xx-A_16P_TopMnt_Horizontal,USB_C_Receptacle_USB2.0,smt,True
135.01,-48.67,90.0,top,J2,,PinHeader_1x08_P2.54mm_Vertical,GPIO2,tht,True
138.8,-71.98,90.0,top,J3,,PinHeader_1x06_P2.54mm_Vertical,GPIO1,tht,True
147.87,-60.31,-90.0,top,MCU1,,ESP32-S3-WROOM-2,ESP32-S3-WROOM-2,smt,True
134.49,-54.215,0.0,top,PWLED1,,2659,SK6812MINI,smt,True
116.58,-62.8725,90.0,top,Q2,,SOT-23-3,20V/4.2A/52mOhm/1.4W,smt,True
129.4675,-64.37,0.0,top,Q3,,SOT-23,BSS138,smt,True
119.87,-70.755,180.0,top,QWIIC1,,JST_SH_BM04B-SRSS-TB_1x04-1MP_P1.00mm_Vertical,JST-SH-1x04 1.0mm,smt,True
116.755,-53.87,180.0,top,R1,,R_0201_0603Metric,1k,smt,True
110.68,-64.995098,90.0,top,R13,,R_0201_0603Metric,10k,smt,True
118.94,-59.49,90.0,top,R14,,R_0201_0603Metric,10k,smt,True
113.7,-65.96,0.0,top,R15,,R_0201_0603Metric,2k,smt,True
124.01,-60.12,90.0,top,R16,,R_0201_0603Metric,2k2,smt,True
123.265,-60.12,90.0,top,R17,,R_0201_0603Metric,2k2,smt,True
129.9,-57.59,90.0,top,R18,,R_0201_0603Metric,200k,smt,True
136.79,-58.11,90.0,top,R19,,R_0201_0603Metric,2k2,smt,True
113.9575,-57.072502,0.0,top,R2,,LVK12_OHM-L,Ohmite_LVK12 10m,smt,True
136.76,-60.095,-90.0,top,R20,,R_0201_0603Metric,2k2,smt,True
127.1225,-63.75,90.0,top,R21,,R_0201_0603Metric,10k,smt,True
130.85,-62.27,0.0,top,R23,,R_0201_0603Metric,10k,smt,True
112.44,-61.07,0.0,top,R3,,R_0201_0603Metric,1k,smt,True
155.68,-49.775,90.0,top,R5,,R_0201_0603Metric,10k,smt,True
108.87,-62.06,180.0,top,R6,,R_0201_0603Metric,5k1,smt,True
108.35,-55.73,-90.0,top,R7,,R_0201_0603Metric,5k1,smt,True
108.93,-50.6,90.0,top,SW1,,JST_SH_BM02B-SRSS-TB_1x02-1MP_P1.00mm_Vertical,JST-SH-1.00mm 1x2,smt,True
134.46,-68.0,180.0,top,SW2,,SW_SPST_PTS810,PTS810 SJM Switch,smt,True
134.46,-63.03,0.0,top,SW3,,SW_SPST_PTS810,PTS810 SJM Switch,smt,True
127.69,-70.755,180.0,top,TrillExtensionInput1,,JST_SH_BM04B-SRSS-TB_1x04-1MP_P1.00mm_Vertical,JST-SH 1x08 1.00mm,smt,True
121.623749,-57.639999,0.0,top,U1,,SOT-25_TOR,XC6222B331MR-G,smt,True
113.0625,-63.5375,-90.0,top,U3,,SOT-23-5,MCP73831-2-OT,smt,True
127.33,-60.115,0.0,top,U4,,TSSOP-8_3x3mm_P0.65mm,PCA9306DP,smt,True
120.601549,-61.700001,0.0,top,Ud1,,21-0076_X5&plus_1_MXM,MAX8511EXK18+T,smt,True
