﻿designator,quantity,value,pack,mpn,mount_type
ANALOG1,1,Conn_01x09,PinHeader_1x09_P2.54mm_Vertical_SMD_Pin1Left,,smt
BT1,1,JST-PH-1x02-2.000mm,JST_PH_S2B-PH-SM4-TB_1x02-1MP_P2.00mm_Horizontal,,smt
"C1, C3",2,0.1uF,C_0201_0603Metric,,smt
C2,1,0.47uF,C_0201_0603Metric,,smt
FG1,1,MAX17055ETB+T,21-100013A_T102A2&plus_1C_MXM,,smt
FLEX1,1,Conn_01x32,CON_541323262_MOL,,smt
"FSR1, SW1",2,JSTCONNECTOR,JST_SH_BM02B-SRSS-TB_1x02-1MP_P1.00mm_Vertical,,smt
"H1, H2, H3, H4",4,MountingHole,MountingHole_3.2mm_M3_DIN965,,tht
IMU1,1,ICM-20948,QFN24_3X3X0P9_IVS,,smt
"LED1, LED2",2,LED,LED_0402_1005Metric,,smt
PWR1,1,Conn_01x02,SolderPad,,smt
"Q1, Q2",2,BSS138,SOT-23,,smt
QWIIC1,1,JST-SH-1x04 1.0mm,JST_SH_SM04B-SRSS-TB_1x04-1MP_P1.00mm_Horizontal,,smt
R1,1,1k,R_0201_0603Metric,,smt
"R10, R11, R12, R3, R4",5,10k,R_0201_0603Metric,,smt
"R13, R5, R7, R8",4,2k2,R_0201_0603Metric,,smt
R2,1,Ohmite_LVK12 10m,R_Shunt_Ohmite_LVK12,,smt
R6,1,200k,R_0201_0603Metric,,smt
R9,1,220,R_0201_0603Metric,,smt
"TINYPICOA1, TINYPICOB1",2,Conn_01x10,PinHeader_1x10_P2.54mm_Vertical_SMD_Pin1Left,,smt
"TOUCH1, TOUCH2",2,Conn_01x15,PinHeader_1x15_P2.54mm_Vertical_SMD_Pin1Left,,smt
TOUCH3,1,Conn_01x06,PinHeader_1x06_P2.54mm_Vertical_SMD_Pin1Left,,smt
TOUCHPADS1,1,Conn_01x30,TOUCHSENSORPAD,,smt
TrillInput1,1,JST-SH 1x08 1.00mm,JST_SHL_SM08B-SHLS-TF_1x08-1MP_P1.00mm_Horizontal,,smt
U1,1,PCA9306DP,TSSOP-8_3x3mm_P0.65mm,,smt
