﻿pos_x,pos_y,rotation,side,designator,mpn,pack,value,mount_type,place
66.3942,-74.188,90.0,top,ANALOG1,,PinHeader_1x09_P2.54mm_Vertical_SMD_Pin1Left,Conn_01x09,smt,True
193.8642,-76.338,90.0,top,BT1,,JST_PH_S2B-PH-SM4-TB_1x02-1MP_P2.00mm_Horizontal,JST-PH-1x02-2.000mm,smt,True
187.6392,-78.313,-90.0,top,C1,,C_0201_0603Metric,0.1uF,smt,True
186.3142,-78.313,-90.0,top,C2,,C_0201_0603Metric,0.47uF,smt,True
53.46,-85.44,-90.0,top,C3,,C_0201_0603Metric,0.1uF,smt,True
183.5978,-77.838,0.0,top,FG1,,21-100013A_T102A2&plus_1C_MXM,MAX17055ETB+T,smt,True
176.5892,-99.2,0.0,top,FLEX1,,CON_541323262_MOL,Conn_01x32,smt,True
36.9171,-73.475,0.0,top,FSR1,,JST_SH_BM02B-SRSS-TB_1x02-1MP_P1.00mm_Vertical,JSTCONNECTOR,smt,True
33.9598,-86.2716,0.0,top,H1,,MountingHole_3.2mm_M3_DIN965,MountingHole,tht,False
72.0598,-86.2716,0.0,top,H2,,MountingHole_3.2mm_M3_DIN965,MountingHole,tht,False
186.3598,-86.2716,0.0,top,H3,,MountingHole_3.2mm_M3_DIN965,MountingHole,tht,False
173.6598,-86.2716,0.0,top,H4,,MountingHole_3.2mm_M3_DIN965,MountingHole,tht,False
50.5958,-87.3377,0.0,top,IMU1,,QFN24_3X3X0P9_IVS,ICM-20948,smt,True
59.9383,-94.388,0.0,top,LED1,,LED_0402_1005Metric,LED,smt,True
178.2392,-71.263,180.0,top,LED2,,LED_0402_1005Metric,LED,smt,True
175.006,-73.0758,0.0,top,PWR1,,SolderPad,Conn_01x02,smt,False
61.2725,-88.39,90.0,top,Q1,,SOT-23,BSS138,smt,True
65.63,-88.3125,90.0,top,Q2,,SOT-23,BSS138,smt,True
195.6642,-96.888,90.0,top,QWIIC1,,JST_SH_SM04B-SRSS-TB_1x04-1MP_P1.00mm_Horizontal,JST-SH-1x04 1.0mm,smt,True
37.7231,-78.8093,0.0,top,R1,,R_0201_0603Metric,1k,smt,True
187.3642,-73.163,-90.0,top,R10,,R_0201_0603Metric,10k,smt,True
66.58,-91.52,-90.0,top,R11,,R_0201_0603Metric,10k,smt,True
65.65,-85.17,90.0,top,R12,,R_0201_0603Metric,10k,smt,True
56.79,-83.34,90.0,top,R13,,R_0201_0603Metric,2k2,smt,True
183.5642,-74.188,-90.0,top,R2,,R_Shunt_Ohmite_LVK12,Ohmite_LVK12 10m,smt,True
62.23,-91.52,-90.0,top,R3,,R_0201_0603Metric,10k,smt,True
61.3,-85.39,90.0,top,R4,,R_0201_0603Metric,10k,smt,True
57.07,-91.52,-90.0,top,R5,,R_0201_0603Metric,2k2,smt,True
54.76,-83.415,90.0,top,R6,,R_0201_0603Metric,200k,smt,True
56.0,-83.34,90.0,top,R7,,R_0201_0603Metric,2k2,smt,True
56.04,-91.52,-90.0,top,R8,,R_0201_0603Metric,2k2,smt,True
58.0633,-94.388,180.0,top,R9,,R_0201_0603Metric,220,smt,True
43.1,-73.475,0.0,top,SW1,,JST_SH_BM02B-SRSS-TB_1x02-1MP_P1.00mm_Vertical,JSTCONNECTOR,smt,True
40.28,-78.6609,-90.0,top,TINYPICOA1,,PinHeader_1x10_P2.54mm_Vertical_SMD_Pin1Left,Conn_01x10,smt,True
40.28,-93.8823,-90.0,top,TINYPICOB1,,PinHeader_1x10_P2.54mm_Vertical_SMD_Pin1Left,Conn_01x10,smt,True
106.2642,-95.363,90.0,top,TOUCH1,,PinHeader_1x15_P2.54mm_Vertical_SMD_Pin1Left,Conn_01x15,smt,True
106.2492,-77.488,90.0,top,TOUCH2,,PinHeader_1x15_P2.54mm_Vertical_SMD_Pin1Left,Conn_01x15,smt,True
85.8792,-86.218,0.0,top,TOUCH3,,PinHeader_1x06_P2.54mm_Vertical_SMD_Pin1Left,Conn_01x06,smt,True
116.4842,-85.463,180.0,bottom,TOUCHPADS1,,TOUCHSENSORPAD,Conn_01x30,smt,False
195.4642,-86.988,90.0,top,TrillInput1,,JST_SHL_SM08B-SHLS-TF_1x08-1MP_P1.00mm_Horizontal,JST-SH 1x08 1.00mm,smt,True
55.74,-87.28,90.0,top,U1,,TSSOP-8_3x3mm_P0.65mm,PCA9306DP,smt,True
